{
  "best_model": "rf",
  "best_f1": 0.5037286744813178,
  "all_results": {
    "rf": {
      "f1_score": 0.5037286744813178,
      "balanced_accuracy": 0.5151769798828623,
      "mcc": 0.3628950488911749
    },
    "xgb": {
      "f1_score": 0.4551858025695235,
      "balanced_accuracy": 0.4644194041252865,
      "mcc": 0.3241247339965153
    },
    "lgbm": {
      "f1_score": 0.4616504854368932,
      "balanced_accuracy": 0.46242360580595876,
      "mcc": 0.3438544158547839
    }
  }
}